-- PDV SaaS — Seed de desenvolvimento
-- Roda automaticamente no boot local via docker-compose

-- Tenant demo
INSERT INTO tenants(id, nome, cnpj, razao_social, email, telefone, endereco, focus_ambiente)
VALUES(
  '00000000-0000-0000-0000-000000000001',
  'Bella Makeup Store',
  '12.345.678/0001-90',
  'Bella Makeup Store Ltda',
  'admin@bellamakeup.com.br',
  '(11) 3456-7890',
  '{"logradouro":"Rua das Flores","numero":"123","bairro":"Centro","cidade":"São Paulo","uf":"SP","cep":"01310-100"}',
  'homologacao'
);

-- Categorias
INSERT INTO categorias(id, tenant_id, nome, cor) VALUES
  ('10000000-0000-0000-0000-000000000001','00000000-0000-0000-0000-000000000001','Base','#4ECDC4'),
  ('10000000-0000-0000-0000-000000000002','00000000-0000-0000-0000-000000000001','Lábios','#E8547A'),
  ('10000000-0000-0000-0000-000000000003','00000000-0000-0000-0000-000000000001','Olhos','#8B7CF8'),
  ('10000000-0000-0000-0000-000000000004','00000000-0000-0000-0000-000000000001','Pele','#4CAF7D'),
  ('10000000-0000-0000-0000-000000000005','00000000-0000-0000-0000-000000000001','Acessórios','#F5C842');

-- Produtos com EAN real (simulado) para testar leitor
INSERT INTO produtos(id, tenant_id, categoria_id, ean, codigo, nome, preco_custo, preco_venda, ncm, cfop, cst) VALUES
  ('20000000-0000-0000-0000-000000000001','00000000-0000-0000-0000-000000000001','10000000-0000-0000-0000-000000000001','7896016100016','001','Base Líquida HD Pro',42.00,89.90,'33049900','5102','400'),
  ('20000000-0000-0000-0000-000000000002','00000000-0000-0000-0000-000000000001','10000000-0000-0000-0000-000000000002','7896016100023','042','Batom Matte Vermelho',12.00,34.90,'33030090','5102','400'),
  ('20000000-0000-0000-0000-000000000003','00000000-0000-0000-0000-000000000001','10000000-0000-0000-0000-000000000003','7896016100030','087','Paleta Sombras 18 cores',58.00,129.90,'33049900','5102','400'),
  ('20000000-0000-0000-0000-000000000004','00000000-0000-0000-0000-000000000001','10000000-0000-0000-0000-000000000003','7896016100047','055','Máscara de Cílios Volume',18.00,49.90,'33030090','5102','400'),
  ('20000000-0000-0000-0000-000000000005','00000000-0000-0000-0000-000000000001','10000000-0000-0000-0000-000000000001','7896016100054','005','Corretivo Iluminador',20.00,44.90,'33049900','5102','400'),
  ('20000000-0000-0000-0000-000000000006','00000000-0000-0000-0000-000000000001','10000000-0000-0000-0000-000000000004','7896016100061','006','Blush Coral',15.00,39.90,'33049900','5102','400'),
  ('20000000-0000-0000-0000-000000000007','00000000-0000-0000-0000-000000000001','10000000-0000-0000-0000-000000000004','7896016100078','007','Sérum Facial Anti-age',89.00,189.00,'33049900','5102','400'),
  ('20000000-0000-0000-0000-000000000008','00000000-0000-0000-0000-000000000001','10000000-0000-0000-0000-000000000002','7896016100085','008','Gloss Volumoso',10.00,29.90,'33030090','5102','400'),
  ('20000000-0000-0000-0000-000000000009','00000000-0000-0000-0000-000000000001','10000000-0000-0000-0000-000000000005','7896016100092','009','Pincel para Base',22.00,49.90,'96032100','5102','400'),
  ('20000000-0000-0000-0000-000000000010','00000000-0000-0000-0000-000000000001','10000000-0000-0000-0000-000000000001','7896016100108','010','Pó Fixador HD',28.00,59.90,'33049900','5102','400');

-- Estoque inicial
INSERT INTO estoque(produto_id, tenant_id, quantidade) VALUES
  ('20000000-0000-0000-0000-000000000001','00000000-0000-0000-0000-000000000001',48),
  ('20000000-0000-0000-0000-000000000002','00000000-0000-0000-0000-000000000001',4),
  ('20000000-0000-0000-0000-000000000003','00000000-0000-0000-0000-000000000001',23),
  ('20000000-0000-0000-0000-000000000004','00000000-0000-0000-0000-000000000001',67),
  ('20000000-0000-0000-0000-000000000005','00000000-0000-0000-0000-000000000001',31),
  ('20000000-0000-0000-0000-000000000006','00000000-0000-0000-0000-000000000001',18),
  ('20000000-0000-0000-0000-000000000007','00000000-0000-0000-0000-000000000001',0),
  ('20000000-0000-0000-0000-000000000008','00000000-0000-0000-0000-000000000001',55),
  ('20000000-0000-0000-0000-000000000009','00000000-0000-0000-0000-000000000001',22),
  ('20000000-0000-0000-0000-000000000010','00000000-0000-0000-0000-000000000001',9);
